Strain	Sequence	Sequence_basename	Duplicated_Spacers	CRISPR_Id	CRISPR_Start	CRISPR_End	CRISPR_Length	Potential_Orientation (AT%)	CRISPRDirection	Consensus_Repeat	Repeat_ID (CRISPRdb)	Nb_CRISPRs_with_same_Repeat (CRISPRdb)	Repeat_Length	Spacers_Nb	Mean_size_Spacers	Standard_Deviation_Spacers	Nb_Repeats_matching_Consensus	Ratio_Repeats_match/TotalRepeat	Conservation_Repeats (% identity)	EBcons_Repeats	Conservation_Spacers (% identity)	EBcons_Spacers	Repeat_Length_plus_mean_size_Spacers	Ratio_Repeat/mean_Spacers_Length	CRISPR_found_in_DB (if sequence IDs are similar)	Evidence_Level
Unknown	NODE_1_length_2746648_cov_311_911486	NODE_1_length_2746648_cov_311_911486	0	NODE_1_length_2746648_cov_311_911486_1	2105091	2105191	100	Unknown	Unknown	GCTTCAGTGGCGAACGTCGTGAA	Unknown	0	23	1	55	0	1	0.5	95.6521739130435	95.6521739130435	100	100	78	0.418181818181818	0	1
Unknown	NODE_1_length_2746648_cov_311_911486	NODE_1_length_2746648_cov_311_911486	0	NODE_1_length_2746648_cov_311_911486_2	2455158	2457261	2103	Forward	F [1.24,0   Confidence: HIGH] 	GTGTTCCCCGCGCCAGCGGGGATAAACCG	R6121	210	29	34	32.0294117647059	0.171498585142509	28	0.8	62.0689655172414	91.0050079483844	0	0	61.0294117647059	0.905417814508724	0	4
Unknown	NODE_1_length_2746648_cov_311_911486	NODE_1_length_2746648_cov_311_911486	0	NODE_1_length_2746648_cov_311_911486_3	2473393	2474339	946	Forward	F [1.24,0   Confidence: HIGH] 	GTGTTCCCCGCGCCAGCGGGGATAAACCG	R6121	210	29	15	32.1333333333333	0.351865775274498	15	0.9375	96.551724137931	98.8369308047689	0	0	61.1333333333333	0.902489626556017	0	4
Unknown	NODE_1_length_2746648_cov_311_911486	NODE_1_length_2746648_cov_311_911486	0	NODE_1_length_2746648_cov_311_911486_4	2474413	2474807	394	Unknown	F [1.24,0   Confidence: HIGH] 	GTGTTCCCCGCGCCAGCGGGGATAAACCG	R6121	210	29	6	32	0	5	0.714285714285714	86.2068965517241	91.8389961574851	1.92307692307692	8.91461611164666	61	0.90625	0	4
Unknown	NODE_1_length_2746648_cov_311_911486	NODE_1_length_2746648_cov_311_911486	0	NODE_1_length_2746648_cov_311_911486_5	2665787	2665896	109	Unknown	Unknown	TGTCCCACCCTGTACCACTTTTTTTTAA	Unknown	0	28	1	54	0	1	0.5	96.4285714285714	96.4285714285714	100	100	82	0.518518518518518	0	1

















































































































































